Workbook

Sheet Chicago Traffic Citations Data
A1: Notice Number | B1: Ticket Number | C1: Issue Date | D1: Violation Location | E1: Zip Code | F1: Violation Code | G1: Violation Description | H1: Unit | I1: Unit Description | J1: Officer | K1: Vehicle Make | L1: License Plate Type | M1: Fine Level 1 Amount | N1: Fine Level 2 Amount | O1: Current Amount Due | P1: Total Payments | Q1: Ticket Queue | R1: Ticket Queue Date | S1: Notice Level | T1: Hearing Dispo | U1: Hearing Reason
A2: 5201586250 | B2: 7009321333 | C2: 44197 | D2: 4200 S CICERO AVENUE | E2: 606234332 | F2: 9102020 | G2: RED LIGHT VIOLATION | H2: CNDT | I2: Red Light | J2: CNDT | K2: OTHR | L2: PAS | M2: 100 | N2: 200 | O2: 200 | P2: 0 | Q2: Notice | R2: 44210 | S2: SEIZ
A3: 5234871820 | B3: 7009321352 | C3: 44197 | D3: 1600 W 87TH ST | E3: 606331323 | F3: 9102020 | G3: RED LIGHT VIOLATION | H3: CNDT | I3: Red Light | J3: CNDT | K3: OTHR | L3: PAS | M3: 100 | N3: 200 | O3: 0 | P3: 200 | Q3: Paid | R3: 44291 | S3: FINL
A4: 5228076530 | B4: 72156572 | C4: 44197.001 | D4: 547 S COLUMBUS | E4: 606591649 | F4: 0964080B | G4: NO STANDING/PARKING TIME RESTRICTED | H4: 1 | I4: CPD | J4: 7861 | K4: BMW | L4: PAS | M4: 100 | N4: 200 | O4: 0 | P4: 100 | Q4: Paid | R4: 44217 | S4: VIOL
A5: 5233269710 | B5: 7009325236 | C5: 44197.001 | D5: 1 S WESTERN AVE | E5: 60623 | F5: 9102020 | G5: RED LIGHT VIOLATION | H5: CNDT | I5: Red Light | J5: CNDT | K5: OTHR | L5: PAS | M5: 100 | N5: 200 | O5: 200 | P5: 0 | Q5: Notice | R5: 44210 | S5: FINL
A6: 5219674400 | B6: 7009321372 | C6: 44197.001 | D6: 6700 S CORNELL DRIVE | E6: 606373598 | F6: 9102020 | G6: RED LIGHT VIOLATION | H6: CNDT | I6: Red Light | J6: CNDT | K6: OTHR | L6: PAS | M6: 100 | N6: 200 | O6: 200 | P6: 0 | Q6: Notice | R6: 44210 | S6: SEIZ
A7: 5199289380 | B7: 7009321329 | C7: 44197.001 | D7: 4400 W OGDEN AVENUE | E7: 60651 | F7: 9102020 | G7: RED LIGHT VIOLATION | H7: CNDT | I7: Red Light | J7: CNDT | K7: OTHR | L7: PAS | M7: 100 | N7: 200 | O7: 200 | P7: 0 | Q7: Notice | R7: 44210 | S7: SEIZ
A8: 5225329540 | B8: 7009321376 | C8: 44197.001 | D8: 300 S MICHIGAN AVE | E8: 604114539 | F8: 9102020 | G8: RED LIGHT VIOLATION | H8: CNDT | I8: Red Light | J8: CNDT | K8: OTHR | L8: PAS | M8: 100 | N8: 200 | O8: 0 | P8: 100 | Q8: Paid | R8: 44275 | S8: DETR
A9: 5212146160 | B9: 7009323424 | C9: 44197.001 | D9: 6300 S KEDZIE AVE | E9: 606094282 | F9: 9102020 | G9: RED LIGHT VIOLATION | H9: CNDT | I9: Red Light | J9: CNDT | K9: OTHR | L9: PAS | M9: 100 | N9: 200 | O9: 0 | P9: 100 | Q9: Paid | R9: 44234 | S9: VIOL
A10: 5235227160 | B10: 7009340321 | C10: 44197.002 | D10: 8700 S LAFAYETTE AVEN | E10: 60619 | F10: 9102020 | G10: RED LIGHT VIOLATION | H10: CNDT | I10: Red Light | J10: CNDT | K10: OTHR | L10: PAS | M10: 100 | N10: 200 | O10: 200 | P10: 0 | Q10: Notice | R10: 44228 | S10: FINL
A11: 5210709690 | B11: 7009321419 | C11: 44197.004 | D11: 400 S WESTERN AVENUE | E11: 601531403 | F11: 9102020 | G11: RED LIGHT VIOLATION | H11: CNDT | I11: Red Light | J11: CNDT | K11: OTHR | L11: PAS | M11: 100 | N11: 200 | O11: 200 | P11: 0 | Q11: Notice | R11: 44210 | S11: FINL
A12: 5231657240 | B12: 7009321728 | C12: 44197.005 | D12: 1600 W 87TH ST | E12: 60620 | F12: 9102020 | G12: RED LIGHT VIOLATION | H12: CNDT | I12: Red Light | J12: CNDT | K12: OTHR | L12: PAS | M12: 100 | N12: 200 | O12: 200 | P12: 0 | Q12: Notice | R12: 44210 | S12: FINL
A13: 5146642870 | B13: 72156573 | C13: 44197.006 | D13: 355 S COLUMBUS | E13: 605231607 | F13: 0964080B | G13: NO STANDING/PARKING TIME RESTRICTED | H13: 1 | I13: CPD | J13: 7861 | K13: LEXU | L13: PAS | M13: 100 | N13: 200 | O13: 0 | P13: 100 | Q13: Paid | R13: 44248 | S13: DETR
A14: 5182305720 | B14: 7009321379 | C14: 44197.006 | D14: 4000 W FOSTER AVE | E14: 600904517 | F14: 9102020 | G14: RED LIGHT VIOLATION | H14: CNDT | I14: Red Light | J14: CNDT | K14: OTHR | L14: PAS | M14: 100 | N14: 200 | O14: 0 | P14: 100 | Q14: Paid | R14: 44239 | S14: VIOL
A15: 5234898530 | B15: 7009323431 | C15: 44197.006 | D15: 2800 N CALIFORNIA AVE | E15: 604311528 | F15: 9102020 | G15: RED LIGHT VIOLATION | H15: CNDT | I15: Red Light | J15: CNDT | K15: OTHR | L15: PAS | M15: 100 | N15: 200 | O15: 0 | P15: 100 | Q15: Paid | R15: 44247 | S15: VIOL
A16: 5234898570 | B16: 7009323444 | C16: 44197.006 | D16: 4000 W NORTH AVENUE | E16: 60651 | F16: 9102020 | G16: RED LIGHT VIOLATION | H16: CNDT | I16: Red Light | J16: CNDT | K16: OTHR | L16: PAS | M16: 100 | N16: 200 | O16: 200 | P16: 0 | Q16: Notice | R16: 44210 | S16: FINL
A17: 5232016660 | B17: 71742149 | C17: 44197.007 | D17: 3228 N NAGLE | E17: 606293418 | F17: 0964100C | G17: BLOCK ACCESS/ALLEY/DRIVEWAY/FIRELANE | H17: 16 | I17: CPD | J17: 3051 | K17: TOYT | L17: PAS | M17: 150 | N17: 300 | O17: 0 | P17: 150 | Q17: Paid | R17: 44218 | S17: VIOL
A18: 5230434020 | B18: 7009323426 | C18: 44197.007 | D18: 800 W 119TH STREET | E18: 463076267 | F18: 9102020 | G18: RED LIGHT VIOLATION | H18: CNDT | I18: Red Light | J18: CNDT | K18: OTHR | L18: PAS | M18: 100 | N18: 200 | O18: 200 | P18: 0 | Q18: Notice | R18: 44210 | S18: SEIZ
A19: 0 | B19: 71627237 | C19: 44197.008 | D19: 1542 W BIRCHWOOD | F19: 0964100A | G19: WITHIN 15' OF FIRE HYDRANT | H19: 24 | I19: CPD | J19: 7540 | K19: CHEV | L19: TMP | M19: 150 | N19: 300 | O19: 150 | P19: 0 | Q19: Define | R19: 44207
A20: 5235085950 | B20: 7009321410 | C20: 44197.009 | D20: 100 W CHICAGO AVENUE | E20: 78240 | F20: 9102020 | G20: RED LIGHT VIOLATION | H20: CNDT | I20: Red Light | J20: CNDT | K20: OTHR | L20: PAS | M20: 100 | N20: 200 | O20: 0 | P20: 200 | Q20: Paid | R20: 44326 | S20: FINL
A21: 5235022390 | B21: 7009321378 | C21: 44197.01 | D21: 5930 N CLARK STREET | E21: 432302542 | F21: 9102020 | G21: RED LIGHT VIOLATION | H21: CNDT | I21: Red Light | J21: CNDT | K21: OTHR | L21: PAS | M21: 100 | N21: 200 | O21: 0 | P21: 100 | Q21: Paid | R21: 44238 | S21: VIOL
A22: 5183885050 | B22: 7009321744 | C22: 44197.01 | D22: 2400 N ASHLAND AVENUE | E22: 601758147 | F22: 9102020 | G22: RED LIGHT VIOLATION | H22: CNDT | I22: Red Light | J22: CNDT | K22: OTHR | L22: PAS | M22: 100 | N22: 200 | O22: 0 | P22: 100 | Q22: Paid | R22: 44242 | S22: VIOL
A23: 5234863210 | B23: 7009321363 | C23: 44197.01 | D23: 30 W 87TH STREET | E23: 37166 | F23: 9102020 | G23: RED LIGHT VIOLATION | H23: CNDT | I23: Red Light | J23: CNDT | K23: OTHR | L23: PAS | M23: 100 | N23: 200 | O23: 200 | P23: 0 | Q23: Notice | R23: 44223 | S23: FINL
A24: 5150213160 | B24: 71746964 | C24: 44197.01 | D24: 25 W HUBBARD | E24: 606321725 | F24: 0964080B | G24: NO STANDING/PARKING TIME RESTRICTED | H24: 495 | I24: Miscellaneous | J24: 494 | K24: HYUN | L24: PAS | M24: 100 | N24: 200 | O24: 200 | P24: 0 | Q24: Notice | R24: 44238 | S24: FINL
A25: 5232386800 | B25: 72154451 | C25: 44197.011 | D25: 79 E 8TH ST | E25: 609012772 | F25: 0964150B | G25: PARKING/STANDING PROHIBITED ANYTIME | H25: 1 | I25: CPD | J25: 9463 | K25: VOLK | L25: PAS | M25: 75 | N25: 150 | O25: 150 | P25: 0 | Q25: Notice | R25: 44210 | S25: SEIZ
A26: 5234871810 | B26: 7009321339 | C26: 44197.012 | D26: 200 W GARFIELD BLVD | E26: 60637 | F26: 9102020 | G26: RED LIGHT VIOLATION | H26: CNDT | I26: Red Light | J26: CNDT | K26: OTHR | L26: PAS | M26: 100 | N26: 200 | O26: 200 | P26: 0 | Q26: Notice | R26: 44210 | S26: SEIZ
A27: 5174922000 | B27: 7009321351 | C27: 44197.015 | D27: 800 W 99TH ST | E27: 60649 | F27: 9102020 | G27: RED LIGHT VIOLATION | H27: CNDT | I27: Red Light | J27: CNDT | K27: OTHR | L27: PAS | M27: 100 | N27: 200 | O27: 0 | P27: 100 | Q27: Paid | R27: 44356 | S27: DETR
A28: 5234871800 | B28: 7009321334 | C28: 44197.015 | D28: 4200 S CICERO AVENUE | E28: 470608002 | F28: 9102020 | G28: RED LIGHT VIOLATION | H28: CNDT | I28: Red Light | J28: CNDT | K28: OTHR | L28: PAS | M28: 100 | N28: 200 | O28: 0 | P28: 0 | Q28: Dismissed | R28: 44245 | S28: VIOL | T28: Not Liable | U28: Citizen was Not Owner or Lessee of Cited Vehicle
A29: 5232703710 | B29: 7009321405 | C29: 44197.015 | D29: 300 N HAMLIN AVENUE | E29: 60104 | F29: 9102020 | G29: RED LIGHT VIOLATION | H29: CNDT | I29: Red Light | J29: CNDT | K29: OTHR | L29: PAS | M29: 100 | N29: 200 | O29: 200 | P29: 0 | Q29: Notice | R29: 44210 | S29: SEIZ
A30: 0 | B30: 71748856 | C30: 44197.015 | D30: 453 N MCCLURG | F30: 0964080B | G30: NO STANDING/PARKING TIME RESTRICTED | H30: 495 | I30: Miscellaneous | J30: 371 | K30: MAZD | L30: HCP | M30: 100 | N30: 200 | O30: 100 | P30: 0 | Q30: Define | R30: 44235
A31: 5234915360 | B31: 7009325238 | C31: 44197.016 | D31: 3500 S WESTERN | E31: 60020 | F31: 9102020 | G31: RED LIGHT VIOLATION | H31: CNDT | I31: Red Light | J31: CNDT | K31: OTHR | L31: PAS | M31: 100 | N31: 200 | O31: 200 | P31: 0 | Q31: Notice | R31: 44210 | S31: FINL
A32: 5209732300 | B32: 7009321738 | C32: 44197.017 | D32: 2400 W MARQUETTE ROAD | E32: 605162270 | F32: 9102020 | G32: RED LIGHT VIOLATION | H32: CNDT | I32: Red Light | J32: CNDT | K32: OTHR | L32: PAS | M32: 100 | N32: 200 | O32: 200 | P32: 0 | Q32: Notice | R32: 44210 | S32: FINL
A33: 5234958860 | B33: 7009323433 | C33: 44197.017 | D33: 4000 N PULASKI ROAD | E33: 60707 | F33: 9102020 | G33: RED LIGHT VIOLATION | H33: CNDT | I33: Red Light | J33: CNDT | K33: OTHR | L33: PAS | M33: 100 | N33: 200 | O33: 200 | P33: 0 | Q33: Notice | R33: 44210 | S33: FINL
A34: 5234871840 | B34: 7009321373 | C34: 44197.017 | D34: 6700 S CORNELL DRIVE | E34: 60827 | F34: 9102020 | G34: RED LIGHT VIOLATION | H34: CNDT | I34: Red Light | J34: CNDT | K34: OTHR | L34: TMP | M34: 100 | N34: 200 | O34: 100 | P34: 0 | Q34: Court | R34: 44252 | S34: DETR
A35: 5234957950 | B35: 7009321365 | C35: 44197.017 | D35: 7600 S STONY ISLAND A | E35: 61832 | F35: 9102020 | G35: RED LIGHT VIOLATION | H35: CNDT | I35: Red Light | J35: CNDT | K35: OTHR | L35: PAS | M35: 100 | N35: 200 | O35: 200 | P35: 0 | Q35: Notice | R35: 44210 | S35: FINL
A36: 5234884190 | B36: 7009321737 | C36: 44197.017 | D36: 7600 S STONY ISLAND A | E36: 60643 | F36: 9102020 | G36: RED LIGHT VIOLATION | H36: CNDT | I36: Red Light | J36: CNDT | K36: OTHR | L36: PAS | M36: 100 | N36: 200 | O36: 200 | P36: 0 | Q36: Notice | R36: 44210 | S36: FINL
A37: 5234898520 | B37: 7009323423 | C37: 44197.018 | D37: 7100 S KEDZIE AVENUE | E37: 611153218 | F37: 9102020 | G37: RED LIGHT VIOLATION | H37: CNDT | I37: Red Light | J37: CNDT | K37: OTHR | L37: PAS | M37: 100 | N37: 200 | O37: 200 | P37: 0 | Q37: Notice | R37: 44295 | S37: FINL
A38: 5235458090 | B38: 71748876 | C38: 44197.019 | D38: 58 E HUBBARD | E38: 604091730 | F38: 0964080B | G38: NO STANDING/PARKING TIME RESTRICTED | H38: 495 | I38: Miscellaneous | J38: 375 | K38: CHEV | L38: PAS | M38: 100 | N38: 200 | O38: 0 | P38: 100 | Q38: Paid | R38: 44266 | S38: VIOL
A39: 5234915350 | B39: 7009325226 | C39: 44197.019 | D39: 3200 W 63RD ST | E39: 60804 | F39: 9102020 | G39: RED LIGHT VIOLATION | H39: CNDT | I39: Red Light | J39: CNDT | K39: OTHR | L39: PAS | M39: 100 | N39: 200 | O39: 200 | P39: 0 | Q39: Notice | R39: 44210 | S39: FINL
A40: 5234884180 | B40: 7009321734 | C40: 44197.022 | D40: 9500 S HALSTED STREET | E40: 604192968 | F40: 9102020 | G40: RED LIGHT VIOLATION | H40: CNDT | I40: Red Light | J40: CNDT | K40: OTHR | L40: PAS | M40: 100 | N40: 200 | O40: 200 | P40: 0 | Q40: Notice | R40: 44210 | S40: FINL
A41: 5234871880 | B41: 7009321386 | C41: 44197.024 | D41: 400 W BELMONT AVE | E41: 601313245 | F41: 9102020 | G41: RED LIGHT VIOLATION | H41: CNDT | I41: Red Light | J41: CNDT | K41: OTHR | L41: PAS | M41: 100 | N41: 200 | O41: 0 | P41: 100 | Q41: Paid | R41: 44219 | S41: VIOL
A42: 0 | B42: 71635608 | C42: 44197.024 | D42: 90 E 46TH STREET | F42: 0964100A | G42: WITHIN 15' OF FIRE HYDRANT | H42: 716 | I42: CPD | J42: 5146 | K42: TOYT | L42: TMP | M42: 150 | N42: 300 | O42: 150 | P42: 0 | Q42: Define | R42: 44207
A43: 5235023400 | B43: 7009322597 | C43: 44197.024 | D43: 6000 N CALIFORNIA AVE | E43: 531102630 | F43: 9102020 | G43: RED LIGHT VIOLATION | H43: CNDT | I43: Red Light | J43: CNDT | K43: OTHR | L43: PAS | M43: 100 | N43: 200 | O43: 0 | P43: 100 | Q43: Paid | R43: 44286 | S43: DETR
A44: 5189677050 | B44: 7009321741 | C44: 44197.024 | D44: 200 N UPPER WACKER DR | E44: 606574838 | F44: 9102020 | G44: RED LIGHT VIOLATION | H44: CNDT | I44: Red Light | J44: CNDT | K44: OTHR | L44: PAS | M44: 100 | N44: 200 | O44: 0 | P44: 100 | Q44: Paid | R44: 44256 | S44: DETR
A45: 0 | B45: 71885598 | C45: 44197.025 | D45: 220 W ERIE ST | F45: 0976160A | G45: MISSING/NONCOMPLIANT FRONT AND/OR REAR PLATE | H45: 18 | I45: CPD | J45: 6317 | K45: SATR | L45: PAS | M45: 60 | N45: 120 | O45: 60 | P45: 0 | Q45: Define | R45: 44210
A46: 5152028500 | B46: 7009323440 | C46: 44197.025 | D46: 300 N HAMLIN AVENUE | E46: 606241397 | F46: 9102020 | G46: RED LIGHT VIOLATION | H46: CNDT | I46: Red Light | J46: CNDT | K46: OTHR | L46: PAS | M46: 100 | N46: 200 | O46: 0 | P46: 100 | Q46: Paid | R46: 44283 | S46: DETR
A47: 5217162760 | B47: 7009321395 | C47: 44197.026 | D47: 2000 W DIVISION | E47: 607074539 | F47: 9102020 | G47: RED LIGHT VIOLATION | H47: CNDT | I47: Red Light | J47: CNDT | K47: OTHR | L47: PAS | M47: 100 | N47: 200 | O47: 0 | P47: 100 | Q47: Paid | R47: 44244 | S47: VIOL
A48: 5233814350 | B48: 71898326 | C48: 44197.026 | D48: 6649 S MINERVA AVE | E48: 606194603 | F48: 0964130A | G48: PARK ALLEY | H48: 3 | I48: CPD | J48: 17198 | K48: DODG | L48: PAS | M48: 150 | N48: 300 | O48: 300 | P48: 0 | Q48: Notice | R48: 44228 | S48: FINL
A49: 5230974870 | B49: 69006797 | C49: 44197.026 | D49: 249 E PEARSON | E49: 606205042 | F49: 0964080B | G49: NO STANDING/PARKING TIME RESTRICTED | H49: 25 | I49: CPD | J49: 1939 | K49: BUIC | L49: PAS | M49: 100 | N49: 200 | O49: 0 | P49: 100 | Q49: Paid | R49: 44221 | S49: VIOL
A50: 5196094240 | B50: 7009321340 | C50: 44197.027 | D50: 200 W GARFIELD BLVD | E50: 606243449 | F50: 9102020 | G50: RED LIGHT VIOLATION | H50: CNDT | I50: Red Light | J50: CNDT | K50: OTHR | L50: PAS | M50: 100 | N50: 200 | O50: 200 | P50: 0 | Q50: Notice | R50: 44210 | S50: SEIZ
A51: 5234884170 | B51: 7009321730 | C51: 44197.028 | D51: 9500 S JEFFERY AVE | E51: 463231416 | F51: 9102020 | G51: RED LIGHT VIOLATION | H51: CNDT | I51: Red Light | J51: CNDT | K51: OTHR | L51: PAS | M51: 100 | N51: 200 | O51: 0 | P51: 100 | Q51: Paid | R51: 44276 | S51: DETR
A52: 5230139990 | B52: 7009321740 | C52: 44197.028 | D52: 6300 S STATE ST | E52: 465162734 | F52: 9102020 | G52: RED LIGHT VIOLATION | H52: CNDT | I52: Red Light | J52: CNDT | K52: OTHR | L52: PAS | M52: 100 | N52: 200 | O52: 200 | P52: 0 | Q52: Notice | R52: 44210 | S52: FINL
A53: 5230974870 | B53: 69006798 | C53: 44197.028 | D53: 249 E PEARSON | E53: 606205042 | F53: 0964125B | G53: NO CITY STICKER VEHICLE UNDER/EQUAL TO 16,000 LBS. | H53: 25 | I53: CPD | J53: 1939 | K53: BUIC | L53: PAS | M53: 200 | N53: 250 | O53: 0 | P53: 200 | Q53: Paid | R53: 44221 | S53: VIOL
A54: 5160603620 | B54: 7009321399 | C54: 44197.028 | D54: 800 N CICERO AVENUE | E54: 606512511 | F54: 9102020 | G54: RED LIGHT VIOLATION | H54: CNDT | I54: Red Light | J54: CNDT | K54: OTHR | L54: PAS | M54: 100 | N54: 200 | O54: 100 | P54: 0 | Q54: Notice | R54: 44210 | S54: DETR
A55: 5234872020 | B55: 7009321456 | C55: 44197.029 | D55: 400 S WESTERN AVENUE | E55: 60153 | F55: 9102020 | G55: RED LIGHT VIOLATION | H55: CNDT | I55: Red Light | J55: CNDT | K55: OTHR | L55: PAS | M55: 100 | N55: 200 | O55: 0 | P55: 100 | Q55: Paid | R55: 44237 | S55: VIOL
A56: 5211659040 | B56: 7009321470 | C56: 44197.03 | D56: 1 E 79TH STREET | E56: 534066517 | F56: 9102020 | G56: RED LIGHT VIOLATION | H56: CNDT | I56: Red Light | J56: CNDT | K56: OTHR | L56: PAS | M56: 100 | N56: 200 | O56: 200 | P56: 0 | Q56: Notice | R56: 44217 | S56: FINL
A57: 5235477230 | B57: 7009323437 | C57: 44197.031 | D57: 2000 N KEDZIE AVENUE | E57: 606455977 | F57: 9102020 | G57: RED LIGHT VIOLATION | H57: CNDT | I57: Red Light | J57: CNDT | K57: OTHR | L57: PAS | M57: 100 | N57: 200 | O57: 33.32 | P57: 66.68 | Q57: Notice | R57: 44210 | S57: DETR
A58: 5220787790 | B58: 7009321499 | C58: 44197.031 | D58: 4800 N ASHLAND AVENUE | E58: 606601817 | F58: 9102020 | G58: RED LIGHT VIOLATION | H58: CNDT | I58: Red Light | J58: CNDT | K58: OTHR | L58: PAS | M58: 100 | N58: 200 | O58: 0 | P58: 100 | Q58: Paid | R58: 44229 | S58: VIOL
A59: 5235166770 | B59: 7009321471 | C59: 44197.031 | D59: 1 E 79TH STREET | E59: 52402 | F59: 9102020 | G59: RED LIGHT VIOLATION | H59: CNDT | I59: Red Light | J59: CNDT | K59: OTHR | L59: PAS | M59: 100 | N59: 200 | O59: 200 | P59: 0 | Q59: Notice | R59: 44202 | S59: FINL
A60: 5234871860 | B60: 7009321381 | C60: 44197.032 | D60: 1000 W HOLLYWOOD AVE | E60: 60621 | F60: 9102020 | G60: RED LIGHT VIOLATION | H60: CNDT | I60: Red Light | J60: CNDT | K60: OTHR | L60: PAS | M60: 100 | N60: 200 | O60: 0 | P60: 100 | Q60: Paid | R60: 44280 | S60: DETR
A61: 5234884200 | B61: 7009321739 | C61: 44197.032 | D61: 6300 S DAMEN AVENUE | E61: 60649 | F61: 9102020 | G61: RED LIGHT VIOLATION | H61: CNDT | I61: Red Light | J61: CNDT | K61: OTHR | L61: PAS | M61: 100 | N61: 200 | O61: 200 | P61: 0 | Q61: Notice | R61: 44210 | S61: FINL
A62: 5230825670 | B62: 71379641 | C62: 44197.033 | D62: 674 N STATE | E62: 604096218 | F62: 0964080B | G62: NO STANDING/PARKING TIME RESTRICTED | H62: 18 | I62: CPD | J62: 13735 | K62: NISS | L62: PAS | M62: 100 | N62: 200 | O62: 0 | P62: 100 | Q62: Paid | R62: 44270 | S62: DETR
A63: 0 | B63: 71748877 | C63: 44197.034 | D63: 21 E HUBBARD | F63: 0964080B | G63: NO STANDING/PARKING TIME RESTRICTED | H63: 495 | I63: Miscellaneous | J63: 376 | K63: HYUN | L63: PAS | M63: 100 | N63: 200 | O63: 100 | P63: 0 | Q63: Define | R63: 44235
A64: 5235006810 | B64: 7009321387 | C64: 44197.034 | D64: 400 W BELMONT AVE | E64: 60618 | F64: 9102020 | G64: RED LIGHT VIOLATION | H64: CNDT | I64: Red Light | J64: CNDT | K64: OTHR | L64: PAS | M64: 100 | N64: 200 | O64: 200 | P64: 0 | Q64: Notice | R64: 44210 | S64: SEIZ
A65: 5222859390 | B65: 7009323441 | C65: 44197.035 | D65: 1 S WESTERN AVE | E65: 606382004 | F65: 9102020 | G65: RED LIGHT VIOLATION | H65: CNDT | I65: Red Light | J65: CNDT | K65: OTHR | L65: PAS | M65: 100 | N65: 200 | O65: 0 | P65: 100 | Q65: Paid | R65: 44275 | S65: DETR
A66: 5224674040 | B66: 71746965 | C66: 44197.035 | D66: 115 W ERIE | E66: 606493226 | F66: 0964080B | G66: NO STANDING/PARKING TIME RESTRICTED | H66: 495 | I66: Miscellaneous | J66: 494 | K66: TOYT | L66: PAS | M66: 100 | N66: 200 | O66: 0 | P66: 200 | Q66: Paid | R66: 44313 | S66: FINL
A67: 5234871890 | B67: 7009321389 | C67: 44197.035 | D67: 2400 N LARAMIE AVENUE | E67: 606391730 | F67: 9102020 | G67: RED LIGHT VIOLATION | H67: CNDT | I67: Red Light | J67: CNDT | K67: OTHR | L67: PAS | M67: 100 | N67: 200 | O67: 0 | P67: 100 | Q67: Paid | R67: 44274 | S67: DETR
A68: 5234532460 | B68: 7009321349 | C68: 44197.036 | D68: 11100 S HALSTED ST | E68: 60649 | F68: 9102020 | G68: RED LIGHT VIOLATION | H68: CNDT | I68: Red Light | J68: CNDT | K68: OTHR | L68: PAS | M68: 100 | N68: 200 | O68: 200 | P68: 0 | Q68: Notice | R68: 44210 | S68: SEIZ
A69: 5236006700 | B69: 71526985 | C69: 44197.037 | D69: 85 E WACKER DR | E69: 604784731 | F69: 0964110A2 | G69: DOUBLE PARKING/STANDING CENTRAL BUSINESS DISTRICT | H69: 9 | I69: CPD | J69: 8275 | K69: CHRY | L69: PAS | M69: 300 | N69: 600 | O69: 0 | P69: 600 | Q69: Paid | R69: 44314 | S69: SEIZ
A70: 5233108820 | B70: 7009321335 | C70: 44197.037 | D70: 4200 S CICERO AVENUE | E70: 60624 | F70: 9102020 | G70: RED LIGHT VIOLATION | H70: CNDT | I70: Red Light | J70: CNDT | K70: OTHR | L70: PAS | M70: 100 | N70: 200 | O70: 200 | P70: 0 | Q70: Notice | R70: 44210 | S70: FINL
A71: 5225464380 | B71: 7009321392 | C71: 44197.037 | D71: 2800 N CALIFORNIA AVE | E71: 606252910 | F71: 9102020 | G71: RED LIGHT VIOLATION | H71: CNDT | I71: Red Light | J71: CNDT | K71: OTHR | L71: PAS | M71: 100 | N71: 200 | O71: 0 | P71: 100 | Q71: Paid | R71: 44249 | S71: DETR
A72: 5233500990 | B72: 7009323435 | C72: 44197.038 | D72: 1200 N PULASKI ROAD | E72: 601641843 | F72: 9102020 | G72: RED LIGHT VIOLATION | H72: CNDT | I72: Red Light | J72: CNDT | K72: OTHR | L72: PAS | M72: 100 | N72: 200 | O72: 200 | P72: 0 | Q72: Notice | R72: 44210 | S72: SEIZ
A73: 5218265500 | B73: 7009323447 | C73: 44197.041 | D73: 4800 W NORTH AVENUE | E73: 606234346 | F73: 9102020 | G73: RED LIGHT VIOLATION | H73: CNDT | I73: Red Light | J73: CNDT | K73: OTHR | L73: PAS | M73: 100 | N73: 200 | O73: 0 | P73: 100 | Q73: Paid | R73: 44272 | S73: DETR
A74: 5231989130 | B74: 7009321407 | C74: 44197.041 | D74: 100 N CICERO AVENUE | E74: 60506 | F74: 9102020 | G74: RED LIGHT VIOLATION | H74: CNDT | I74: Red Light | J74: CNDT | K74: OTHR | L74: PAS | M74: 100 | N74: 200 | O74: 200 | P74: 0 | Q74: Notice | R74: 44210 | S74: SEIZ
A75: 0 | B75: 71793407 | C75: 44197.042 | D75: 665 W ALDINE AV | F75: 0964090E | G75: RESIDENTIAL PERMIT PARKING | H75: 19 | I75: CPD | J75: 18796 | K75: INFI | L75: PAS | M75: 75 | N75: 150 | O75: 75 | P75: 0 | Q75: Define | R75: 44208
A76: 5188821900 | B76: 7009323351 | C76: 44197.042 | D76: 1200 N ASHLAND AVENUE | E76: 60651 | F76: 9102020 | G76: RED LIGHT VIOLATION | H76: CNDT | I76: Red Light | J76: CNDT | K76: OTHR | L76: PAS | M76: 100 | N76: 200 | O76: 200 | P76: 0 | Q76: Notice | R76: 44210 | S76: DLS
A77: 5230564790 | B77: 7009321472 | C77: 44197.042 | D77: 1 E 79TH STREET | E77: 60409 | F77: 9102020 | G77: RED LIGHT VIOLATION | H77: CNDT | I77: Red Light | J77: CNDT | K77: OTHR | L77: PAS | M77: 100 | N77: 200 | O77: 200 | P77: 0 | Q77: Notice | R77: 44210 | S77: SEIZ
A78: 5234872030 | B78: 7009321457 | C78: 44197.042 | D78: 400 S WESTERN AVENUE | E78: 60644 | F78: 9102020 | G78: RED LIGHT VIOLATION | H78: CNDT | I78: Red Light | J78: CNDT | K78: OTHR | L78: PAS | M78: 100 | N78: 200 | O78: 0 | P78: 100 | Q78: Paid | R78: 44273 | S78: VIOL
A79: 5234947470 | B79: 71374497 | C79: 44197.043 | D79: 258 E DELAWARE | E79: 618323689 | F79: 0964080B | G79: NO STANDING/PARKING TIME RESTRICTED | H79: 18 | I79: CPD | J79: 13817 | K79: PONT | L79: PAS | M79: 100 | N79: 200 | O79: 200 | P79: 0 | Q79: Notice | R79: 44210 | S79: FINL
A80: 5192969410 | B80: 7009322711 | C80: 44197.043 | D80: 3200 N PULASKI RD | E80: 606181220 | F80: 9102020 | G80: RED LIGHT VIOLATION | H80: CNDT | I80: Red Light | J80: CNDT | K80: OTHR | L80: PAS | M80: 100 | N80: 200 | O80: 200 | P80: 0 | Q80: Notice | R80: 44210 | S80: FINL
A81: 5219312420 | B81: 71748857 | C81: 44197.043 | D81: 323 E CHICAGO | E81: 60653 | F81: 0964080B | G81: NO STANDING/PARKING TIME RESTRICTED | H81: 495 | I81: Miscellaneous | J81: 371 | K81: FORD | L81: PAS | M81: 100 | N81: 200 | O81: 0 | P81: 100 | Q81: Paid | R81: 44303 | S81: DETR
A82: 5235021100 | B82: 71374498 | C82: 44197.044 | D82: 258 E DELAWARE | E82: 522411449 | F82: 0964080B | G82: NO STANDING/PARKING TIME RESTRICTED | H82: 18 | I82: CPD | J82: 13817 | K82: JEEP | L82: PAS | M82: 100 | N82: 200 | O82: 200 | P82: 0 | Q82: Notice | R82: 44223 | S82: FINL
A83: 5234884220 | B83: 7009321743 | C83: 44197.044 | D83: 4400 N WESTERN AVENUE | E83: 625682234 | F83: 9102020 | G83: RED LIGHT VIOLATION | H83: CNDT | I83: Red Light | J83: CNDT | K83: OTHR | L83: PAS | M83: 100 | N83: 200 | O83: 200 | P83: 0 | Q83: Notice | R83: 44210 | S83: FINL
A84: 5234871870 | B84: 7009321382 | C84: 44197.044 | D84: 1000 W HOLLYWOOD AVE | E84: 606432221 | F84: 9102020 | G84: RED LIGHT VIOLATION | H84: CNDT | I84: Red Light | J84: CNDT | K84: OTHR | L84: PAS | M84: 100 | N84: 200 | O84: 0 | P84: 200 | Q84: Paid | R84: 44342 | S84: FINL
A85: 5135584060 | B85: 7009325230 | C85: 44197.044 | D85: 4700 W IRVING PARK ROA | E85: 60402 | F85: 9102020 | G85: RED LIGHT VIOLATION | H85: CNDT | I85: Red Light | J85: CNDT | K85: OTHR | L85: PAS | M85: 100 | N85: 200 | O85: 200 | P85: 0 | Q85: Notice | R85: 44210 | S85: FINL
A86: 5234948330 | B86: 71793408 | C86: 44197.044 | D86: 642 W ALDINE AV | E86: 606577258 | F86: 0964090E | G86: RESIDENTIAL PERMIT PARKING | H86: 19 | I86: CPD | J86: 18796 | K86: JAGU | L86: PAS | M86: 75 | N86: 150 | O86: 150 | P86: 0 | Q86: Notice | R86: 44210 | S86: FINL
A87: 5232169510 | B87: 72178770 | C87: 44197.045 | D87: 3145 W POLK | E87: 606243681 | F87: 0976160B | G87: EXPIRED PLATE OR TEMPORARY REGISTRATION | H87: 716 | I87: CPD | J87: 19622 | K87: INFI | L87: PAS | M87: 60 | N87: 120 | O87: 0 | P87: 0 | Q87: Dismissed | R87: 44256 | S87: DETR
A88: 5223485960 | B88: 71374499 | C88: 44197.045 | D88: 258 E DELAWARE | E88: 606371965 | F88: 0964080B | G88: NO STANDING/PARKING TIME RESTRICTED | H88: 18 | I88: CPD | J88: 13817 | K88: CHRY | L88: PAS | M88: 100 | N88: 200 | O88: 0 | P88: 100 | Q88: Paid | R88: 44219 | S88: VIOL
A89: 5234957970 | B89: 7009321398 | C89: 44197.046 | D89: 400 N CENTRAL AVENUE | E89: 60155 | F89: 9102020 | G89: RED LIGHT VIOLATION | H89: CNDT | I89: Red Light | J89: CNDT | K89: OTHR | L89: PAS | M89: 100 | N89: 200 | O89: 200 | P89: 0 | Q89: Notice | R89: 44210 | S89: FINL
A90: 5211064160 | B90: 71679485 | C90: 44197.046 | D90: 4426 S TALMAN | E90: 606322721 | F90: 0964100A | G90: WITHIN 15' OF FIRE HYDRANT | H90: 716 | I90: CPD | J90: 7552 | K90: ACUR | L90: PAS | M90: 150 | N90: 300 | O90: 0 | P90: 150 | Q90: Paid | R90: 44212 | S90: VIOL
A91: 5234872040 | B91: 7009321465 | C91: 44197.046 | D91: 8700 S LAFAYETTE AVEN | E91: 60615 | F91: 9102020 | G91: RED LIGHT VIOLATION | H91: CNDT | I91: Red Light | J91: CNDT | K91: OTHR | L91: PAS | M91: 100 | N91: 200 | O91: 0 | P91: 100 | Q91: Paid | R91: 44225 | S91: VIOL
A92: 5221060410 | B92: 71374500 | C92: 44197.047 | D92: 258 E DELAWARE | E92: 606198031 | F92: 0964080B | G92: NO STANDING/PARKING TIME RESTRICTED | H92: 18 | I92: CPD | J92: 13817 | K92: CHEV | L92: PAS | M92: 100 | N92: 200 | O92: 200 | P92: 0 | Q92: Notice | R92: 44210 | S92: FINL
A93: 5234938210 | B93: 71395908 | C93: 44197.047 | D93: 6330 S DAMEN | E93: 606522437 | F93: 0964100A | G93: WITHIN 15' OF FIRE HYDRANT | H93: 7 | I93: CPD | J93: 18013 | K93: CADI | L93: PAS | M93: 150 | N93: 300 | O93: 300 | P93: 0 | Q93: Notice | R93: 44371 | S93: FINL
A94: 5230734370 | B94: 7009321745 | C94: 44197.047 | D94: 3400 W NORTH AVE | E94: 606442630 | F94: 9102020 | G94: RED LIGHT VIOLATION | H94: CNDT | I94: Red Light | J94: CNDT | K94: OTHR | L94: PAS | M94: 100 | N94: 200 | O94: 200 | P94: 0 | Q94: Notice | R94: 44210 | S94: SEIZ
A95: 5231430900 | B95: 7009321369 | C95: 44197.047 | D95: 1 E 63RD ST | E95: 606443151 | F95: 9102020 | G95: RED LIGHT VIOLATION | H95: CNDT | I95: Red Light | J95: CNDT | K95: OTHR | L95: PAS | M95: 100 | N95: 200 | O95: 0 | P95: 100 | Q95: Paid | R95: 44217 | S95: VIOL
A96: 5229398940 | B96: 71885599 | C96: 44197.047 | D96: 179 E LAKE SHORE | E96: 604095233 | F96: 0964080B | G96: NO STANDING/PARKING TIME RESTRICTED | H96: 18 | I96: CPD | J96: 6317 | K96: CHRY | L96: PAS | M96: 100 | N96: 200 | O96: 200 | P96: 0 | Q96: Notice | R96: 44217 | S96: FINL
A97: 0 | B97: 72154596 | C97: 44197.048 | D97: 203 S COLUMBUS DR | F97: 0964150B | G97: PARKING/STANDING PROHIBITED ANYTIME | H97: 1 | I97: CPD | J97: 11238 | K97: GMC | L97: PAS | M97: 75 | N97: 150 | O97: 75 | P97: 0 | Q97: Define | R97: 44208
A98: 5235024410 | B98: 7009323420 | C98: 44197.048 | D98: 5500 S KEDZIE AVENUE | E98: 78255 | F98: 9102020 | G98: RED LIGHT VIOLATION | H98: CNDT | I98: Red Light | J98: CNDT | K98: OTHR | L98: PAS | M98: 100 | N98: 200 | O98: 200 | P98: 0 | Q98: Notice | R98: 44216 | S98: FINL
A99: 5234379900 | B99: 7009321723 | C99: 44197.048 | D99: 6300 S PULASKI RD | E99: 60652 | F99: 9102020 | G99: RED LIGHT VIOLATION | H99: CNDT | I99: Red Light | J99: CNDT | K99: OTHR | L99: PAS | M99: 100 | N99: 200 | O99: 0 | P99: 100 | Q99: Paid | R99: 44225 | S99: VIOL
A100: 5234750090 | B100: 71885600 | C100: 44197.048 | D100: 140 E LAKE SHORE | E100: 604784746 | F100: 0964080B | G100: NO STANDING/PARKING TIME RESTRICTED | H100: 18 | I100: CPD | J100: 6317 | K100: LNDR | L100: PAS | M100: 100 | N100: 200 | O100: 0 | P100: 100 | Q100: Paid | R100: 44259 | S100: VIOL
...

Sheet citations
A1: citation_id | B1: notice_number | C1: ticket_number | D1: violation_id | E1: unit_id | F1: officer_id | G1: license_plate_id | H1: fine_level1_id | I1: fine_level2_id | J1: notice_level_id
A2: 1 | B2: 5201586250 | C2: 7009321333 | D2: =_xlfn.XLOOKUP('Chicago Traffic Citations Data'!F2,violations!B:B,violations!A:A) -> 1 | E2: =_xlfn.XLOOKUP('Chicago Traffic Citations Data'!H2,units!B:B,units!A:A) -> 25 | F2: =_xlfn.XLOOKUP('Chicago Traffic Citations Data'!J2,officers!B:B,officers!A:A) -> 166 | G2: =_xlfn.XLOOKUP('Chicago Traffic Citations Data'!L2,license_plates!B:B,license_plates!A:A) -> 12 | H2: =_xlfn.XLOOKUP('Chicago Traffic Citations Data'!M2,fine_level_1!B:B,fine_level_1!A:A) -> 6 | I2: =_xlfn.XLOOKUP('Chicago Traffic Citations Data'!N2,fine_level_2!B:B,fine_level_2!A:A) -> 6 | J2: =_xlfn.XLOOKUP('Chicago Traffic Citations Data'!S2,notice_levels!B:B,notice_levels!A:A) -> 4
A3: 2 | B3: 5234871820 | C3: 7009321352 | D3: =_xlfn.XLOOKUP('Chicago Traffic Citations Data'!F3,violations!B:B,violations!A:A) -> 1 | E3: =_xlfn.XLOOKUP('Chicago Traffic Citations Data'!H3,units!B:B,units!A:A) -> 25 | F3: =_xlfn.XLOOKUP('Chicago Traffic Citations Data'!J3,officers!B:B,officers!A:A) -> 166 | G3: =_xlfn.XLOOKUP('Chicago Traffic Citations Data'!L3,license_plates!B:B,license_plates!A:A) -> 12 | H3: =_xlfn.XLOOKUP('Chicago Traffic Citations Data'!M3,fine_level_1!B:B,fine_level_1!A:A) -> 6 | I3: =_xlfn.XLOOKUP('Chicago Traffic Citations Data'!N3,fine_level_2!B:B,fine_level_2!A:A) -> 6 | J3: =_xlfn.XLOOKUP('Chicago Traffic Citations Data'!S3,notice_levels!B:B,notice_levels!A:A) -> 3
A4: 3 | B4: 5228076530 | C4: 72156572 | D4: =_xlfn.XLOOKUP('Chicago Traffic Citations Data'!F4,violations!B:B,violations!A:A) -> 5 | E4: =_xlfn.XLOOKUP('Chicago Traffic Citations Data'!H4,units!B:B,units!A:A) -> 1 | F4: =_xlfn.XLOOKUP('Chicago Traffic Citations Data'!J4,officers!B:B,officers!A:A) -> 56 | G4: =_xlfn.XLOOKUP('Chicago Traffic Citations Data'!L4,license_plates!B:B,license_plates!A:A) -> 12 | H4: =_xlfn.XLOOKUP('Chicago Traffic Citations Data'!M4,fine_level_1!B:B,fine_level_1!A:A) -> 6 | I4: =_xlfn.XLOOKUP('Chicago Traffic Citations Data'!N4,fine_level_2!B:B,fine_level_2!A:A) -> 6 | J4: =_xlfn.XLOOKUP('Chicago Traffic Citations Data'!S4,notice_levels!B:B,notice_levels!A:A) -> 5
A5: 4 | B5: 5233269710 | C5: 7009325236 | D5: =_xlfn.XLOOKUP('Chicago Traffic Citations Data'!F5,violations!B:B,violations!A:A) -> 1 | E5: =_xlfn.XLOOKUP('Chicago Traffic Citations Data'!H5,units!B:B,units!A:A) -> 25 | F5: =_xlfn.XLOOKUP('Chicago Traffic Citations Data'!J5,officers!B:B,officers!A:A) -> 166 | G5: =_xlfn.XLOOKUP('Chicago Traffic Citations Data'!L5,license_plates!B:B,license_plates!A:A) -> 12 | H5: =_xlfn.XLOOKUP('Chicago Traffic Citations Data'!M5,fine_level_1!B:B,fine_level_1!A:A) -> 6 | I5: =_xlfn.XLOOKUP('Chicago Traffic Citations Data'!N5,fine_level_2!B:B,fine_level_2!A:A) -> 6 | J5: =_xlfn.XLOOKUP('Chicago Traffic Citations Data'!S5,notice_levels!B:B,notice_levels!A:A) -> 3
A6: 5 | B6: 5219674400 | C6: 7009321372 | D6: =_xlfn.XLOOKUP('Chicago Traffic Citations Data'!F6,violations!B:B,violations!A:A) -> 1 | E6: =_xlfn.XLOOKUP('Chicago Traffic Citations Data'!H6,units!B:B,units!A:A) -> 25 | F6: =_xlfn.XLOOKUP('Chicago Traffic Citations Data'!J6,officers!B:B,officers!A:A) -> 166 | G6: =_xlfn.XLOOKUP('Chicago Traffic Citations Data'!L6,license_plates!B:B,license_plates!A:A) -> 12 | H6: =_xlfn.XLOOKUP('Chicago Traffic Citations Data'!M6,fine_level_1!B:B,fine_level_1!A:A) -> 6 | I6: =_xlfn.XLOOKUP('Chicago Traffic Citations Data'!N6,fine_level_2!B:B,fine_level_2!A:A) -> 6 | J6: =_xlfn.XLOOKUP('Chicago Traffic Citations Data'!S6,notice_levels!B:B,notice_levels!A:A) -> 4
A7: 6 | B7: 5199289380 | C7: 7009321329 | D7: =_xlfn.XLOOKUP('Chicago Traffic Citations Data'!F7,violations!B:B,violations!A:A) -> 1 | E7: =_xlfn.XLOOKUP('Chicago Traffic Citations Data'!H7,units!B:B,units!A:A) -> 25 | F7: =_xlfn.XLOOKUP('Chicago Traffic Citations Data'!J7,officers!B:B,officers!A:A) -> 166 | G7: =_xlfn.XLOOKUP('Chicago Traffic Citations Data'!L7,license_plates!B:B,license_plates!A:A) -> 12 | H7: =_xlfn.XLOOKUP('Chicago Traffic Citations Data'!M7,fine_level_1!B:B,fine_level_1!A:A) -> 6 | I7: =_xlfn.XLOOKUP('Chicago Traffic Citations Data'!N7,fine_level_2!B:B,fine_level_2!A:A) -> 6 | J7: =_xlfn.XLOOKUP('Chicago Traffic Citations Data'!S7,notice_levels!B:B,notice_levels!A:A) -> 4
A8: 7 | B8: 5225329540 | C8: 7009321376 | D8: =_xlfn.XLOOKUP('Chicago Traffic Citations Data'!F8,violations!B:B,violations!A:A) -> 1 | E8: =_xlfn.XLOOKUP('Chicago Traffic Citations Data'!H8,units!B:B,units!A:A) -> 25 | F8: =_xlfn.XLOOKUP('Chicago Traffic Citations Data'!J8,officers!B:B,officers!A:A) -> 166 | G8: =_xlfn.XLOOKUP('Chicago Traffic Citations Data'!L8,license_plates!B:B,license_plates!A:A) -> 12 | H8: =_xlfn.XLOOKUP('Chicago Traffic Citations Data'!M8,fine_level_1!B:B,fine_level_1!A:A) -> 6 | I8: =_xlfn.XLOOKUP('Chicago Traffic Citations Data'!N8,fine_level_2!B:B,fine_level_2!A:A) -> 6 | J8: =_xlfn.XLOOKUP('Chicago Traffic Citations Data'!S8,notice_levels!B:B,notice_levels!A:A) -> 1
A9: 8 | B9: 5212146160 | C9: 7009323424 | D9: =_xlfn.XLOOKUP('Chicago Traffic Citations Data'!F9,violations!B:B,violations!A:A) -> 1 | E9: =_xlfn.XLOOKUP('Chicago Traffic Citations Data'!H9,units!B:B,units!A:A) -> 25 | F9: =_xlfn.XLOOKUP('Chicago Traffic Citations Data'!J9,officers!B:B,officers!A:A) -> 166 | G9: =_xlfn.XLOOKUP('Chicago Traffic Citations Data'!L9,license_plates!B:B,license_plates!A:A) -> 12 | H9: =_xlfn.XLOOKUP('Chicago Traffic Citations Data'!M9,fine_level_1!B:B,fine_level_1!A:A) -> 6 | I9: =_xlfn.XLOOKUP('Chicago Traffic Citations Data'!N9,fine_level_2!B:B,fine_level_2!A:A) -> 6 | J9: =_xlfn.XLOOKUP('Chicago Traffic Citations Data'!S9,notice_levels!B:B,notice_levels!A:A) -> 5
A10: 9 | B10: 5235227160 | C10: 7009340321 | D10: =_xlfn.XLOOKUP('Chicago Traffic Citations Data'!F10,violations!B:B,violations!A:A) -> 1 | E10: =_xlfn.XLOOKUP('Chicago Traffic Citations Data'!H10,units!B:B,units!A:A) -> 25 | F10: =_xlfn.XLOOKUP('Chicago Traffic Citations Data'!J10,officers!B:B,officers!A:A) -> 166 | G10: =_xlfn.XLOOKUP('Chicago Traffic Citations Data'!L10,license_plates!B:B,license_plates!A:A) -> 12 | H10: =_xlfn.XLOOKUP('Chicago Traffic Citations Data'!M10,fine_level_1!B:B,fine_level_1!A:A) -> 6 | I10: =_xlfn.XLOOKUP('Chicago Traffic Citations Data'!N10,fine_level_2!B:B,fine_level_2!A:A) -> 6 | J10: =_xlfn.XLOOKUP('Chicago Traffic Citations Data'!S10,notice_levels!B:B,notice_levels!A:A) -> 3
A11: 10 | B11: 5210709690 | C11: 7009321419 | D11: =_xlfn.XLOOKUP('Chicago Traffic Citations Data'!F11,violations!B:B,violations!A:A) -> 1 | E11: =_xlfn.XLOOKUP('Chicago Traffic Citations Data'!H11,units!B:B,units!A:A) -> 25 | F11: =_xlfn.XLOOKUP('Chicago Traffic Citations Data'!J11,officers!B:B,officers!A:A) -> 166 | G11: =_xlfn.XLOOKUP('Chicago Traffic Citations Data'!L11,license_plates!B:B,license_plates!A:A) -> 12 | H11: =_xlfn.XLOOKUP('Chicago Traffic Citations Data'!M11,fine_level_1!B:B,fine_level_1!A:A) -> 6 | I11: =_xlfn.XLOOKUP('Chicago Traffic Citations Data'!N11,fine_level_2!B:B,fine_level_2!A:A) -> 6 | J11: =_xlfn.XLOOKUP('Chicago Traffic Citations Data'!S11,notice_levels!B:B,notice_levels!A:A) -> 3
A12: 11 | B12: 5231657240 | C12: 7009321728 | D12: =_xlfn.XLOOKUP('Chicago Traffic Citations Data'!F12,violations!B:B,violations!A:A) -> 1 | E12: =_xlfn.XLOOKUP('Chicago Traffic Citations Data'!H12,units!B:B,units!A:A) -> 25 | F12: =_xlfn.XLOOKUP('Chicago Traffic Citations Data'!J12,officers!B:B,officers!A:A) -> 166 | G12: =_xlfn.XLOOKUP('Chicago Traffic Citations Data'!L12,license_plates!B:B,license_plates!A:A) -> 12 | H12: =_xlfn.XLOOKUP('Chicago Traffic Citations Data'!M12,fine_level_1!B:B,fine_level_1!A:A) -> 6 | I12: =_xlfn.XLOOKUP('Chicago Traffic Citations Data'!N12,fine_level_2!B:B,fine_level_2!A:A) -> 6 | J12: =_xlfn.XLOOKUP('Chicago Traffic Citations Data'!S12,notice_levels!B:B,notice_levels!A:A) -> 3
A13: 12 | B13: 5146642870 | C13: 72156573 | D13: =_xlfn.XLOOKUP('Chicago Traffic Citations Data'!F13,violations!B:B,violations!A:A) -> 5 | E13: =_xlfn.XLOOKUP('Chicago Traffic Citations Data'!H13,units!B:B,units!A:A) -> 1 | F13: =_xlfn.XLOOKUP('Chicago Traffic Citations Data'!J13,officers!B:B,officers!A:A) -> 56 | G13: =_xlfn.XLOOKUP('Chicago Traffic Citations Data'!L13,license_plates!B:B,license_plates!A:A) -> 12 | H13: =_xlfn.XLOOKUP('Chicago Traffic Citations Data'!M13,fine_level_1!B:B,fine_level_1!A:A) -> 6 | I13: =_xlfn.XLOOKUP('Chicago Traffic Citations Data'!N13,fine_level_2!B:B,fine_level_2!A:A) -> 6 | J13: =_xlfn.XLOOKUP('Chicago Traffic Citations Data'!S13,notice_levels!B:B,notice_levels!A:A) -> 1
... A1993: 1992 | B1993: 5227431080 | C1993: 6048485275 | D1993: =_xlfn.XLOOKUP('Chicago Traffic Citations Data'!F1993,violations!B:B,violations!A:A) -> 25 | E1993: =_xlfn.XLOOKUP('Chicago Traffic Citations Data'!H1993,units!B:B,units!A:A) -> 26 | F1993: =_xlfn.XLOOKUP('Chicago Traffic Citations Data'!J1993,officers!B:B,officers!A:A) -> 167 | G1993: =_xlfn.XLOOKUP('Chicago Traffic Citations Data'!L1993,license_plates!B:B,license_plates!A:A) -> 12 | H1993: =_xlfn.XLOOKUP('Chicago Traffic Citations Data'!M1993,fine_level_1!B:B,fine_level_1!A:A) -> 6 | I1993: =_xlfn.XLOOKUP('Chicago Traffic Citations Data'!N1993,fine_level_2!B:B,fine_level_2!A:A) -> 6 | J1993: =_xlfn.XLOOKUP('Chicago Traffic Citations Data'!S1993,notice_levels!B:B,notice_levels!A:A) -> 3

Sheet violations
A1: violation_id | B1: violation_code | C1: violation_description
A2: 1 | B2: 9102020 | C2: RED LIGHT VIOLATION
A3: 2 | B3: 0964020A | C3: WRONG DIRECTION OR 12'' FROM CURB
A4: 3 | B4: 0964050J | C4: DISABLED PARKING ZONE
A5: 4 | B5: 0964080A | C5: RUSH HOUR PARKING
A6: 5 | B6: 0964080B | C6: NO STANDING/PARKING TIME RESTRICTED
A7: 6 | B7: 0964090E | C7: RESIDENTIAL PERMIT PARKING
A8: 7 | B8: 0964100A | C8: WITHIN 15' OF FIRE HYDRANT
A9: 8 | B9: 0964100C | C9: BLOCK ACCESS/ALLEY/DRIVEWAY/FIRELANE
A10: 9 | B10: 0964100G | C10: STOP SIGN OR TRAFFIC SIGNAL
A11: 10 | B11: 0964110A1 | C11: DOUBLE PARKING/STANDING NON-CENTRAL BUSINESS DISTR
A12: 11 | B12: 0964110A2 | C12: DOUBLE PARKING/STANDING CENTRAL BUSINESS DISTRICT
A13: 12 | B13: 0964110C | C13: PARK OR STAND ON CROSSWALK
A14: 13 | B14: 0964110D | C14: PARK OR STAND ON SIDEWALK
... A26: 25 | B26: 9101020** | C26: SPEED VIOLATION 11+

Sheet license_plates
A1: license_plate_id | B1: license_plate_type
A2: 1 | B2: BRS
A3: 2 | B3: BUL
A4: 3 | B4: CBK
A5: 4 | B5: CUB
A6: 5 | B6: DLC
A7: 6 | B7: DOM
A8: 7 | B8: ELE
A9: 8 | B9: FFM
A10: 9 | B10: HCP
A11: 10 | B11: IPN
A12: 11 | B12: LIV
A13: 12 | B13: PAS
... A19: 18 | B19: TXI

Sheet fine_level_1
A1: fine_level1_id | B1: fine_level1_amount
A2: 1 | B2: 0
A3: 2 | B3: 25
A4: 3 | B4: 35
A5: 4 | B5: 60
A6: 5 | B6: 75
A7: 6 | B7: 100
A8: 7 | B8: 150
A9: 8 | B9: 200
A10: 9 | B10: 250
A11: 10 | B11: 300

Sheet fine_level_2
A1: fine_level2_id | B1: fine_level2_amount
A2: 1 | B2: 0
A3: 2 | B3: 50
A4: 3 | B4: 70
A5: 4 | B5: 120
A6: 5 | B6: 150
A7: 6 | B7: 200
A8: 7 | B8: 250
A9: 8 | B9: 300
A10: 9 | B10: 500
A11: 10 | B11: 600

Sheet notice_levels
A1: notice_level_id | B1: notice_level
A2: 1 | B2: DETR
A3: 2 | B3: DLS
A4: 3 | B4: FINL
A5: 4 | B5: SEIZ
A6: 5 | B6: VIOL
A7: 6

Sheet vehicle_locations
A1: citation_id | B1: location_id | C1: vehicle_id | D1: issue_date
A2: 1 | B2: =_xlfn.XLOOKUP('Chicago Traffic Citations Data'!E2,locations!C:C,locations!A:A) -> 1359 | C2: =_xlfn.XLOOKUP('Chicago Traffic Citations Data'!K2,vehicles!B:B,vehicles!A:A) -> 26 | D2: 44197
A3: 2 | B3: =_xlfn.XLOOKUP('Chicago Traffic Citations Data'!E3,locations!C:C,locations!A:A) -> 1512 | C3: =_xlfn.XLOOKUP('Chicago Traffic Citations Data'!K3,vehicles!B:B,vehicles!A:A) -> 26 | D3: 44197
A4: 3 | B4: =_xlfn.XLOOKUP('Chicago Traffic Citations Data'!E4,locations!C:C,locations!A:A) -> 1792 | C4: =_xlfn.XLOOKUP('Chicago Traffic Citations Data'!K4,vehicles!B:B,vehicles!A:A) -> 4 | D4: 44197.001
A5: 4 | B5: =_xlfn.XLOOKUP('Chicago Traffic Citations Data'!E5,locations!C:C,locations!A:A) -> 275 | C5: =_xlfn.XLOOKUP('Chicago Traffic Citations Data'!K5,vehicles!B:B,vehicles!A:A) -> 26 | D5: 44197.001
A6: 5 | B6: =_xlfn.XLOOKUP('Chicago Traffic Citations Data'!E6,locations!C:C,locations!A:A) -> 1560 | C6: =_xlfn.XLOOKUP('Chicago Traffic Citations Data'!K6,vehicles!B:B,vehicles!A:A) -> 26 | D6: 44197.001
A7: 6 | B7: =_xlfn.XLOOKUP('Chicago Traffic Citations Data'!E7,locations!C:C,locations!A:A) -> 495 | C7: =_xlfn.XLOOKUP('Chicago Traffic Citations Data'!K7,vehicles!B:B,vehicles!A:A) -> 26 | D7: 44197.001
A8: 7 | B8: =_xlfn.XLOOKUP('Chicago Traffic Citations Data'!E8,locations!C:C,locations!A:A) -> 904 | C8: =_xlfn.XLOOKUP('Chicago Traffic Citations Data'!K8,vehicles!B:B,vehicles!A:A) -> 26 | D8: 44197.001
A9: 8 | B9: =_xlfn.XLOOKUP('Chicago Traffic Citations Data'!E9,locations!C:C,locations!A:A) -> 1084 | C9: =_xlfn.XLOOKUP('Chicago Traffic Citations Data'!K9,vehicles!B:B,vehicles!A:A) -> 26 | D9: 44197.001
A10: 9 | B10: =_xlfn.XLOOKUP('Chicago Traffic Citations Data'!E10,locations!C:C,locations!A:A) -> 225 | C10: =_xlfn.XLOOKUP('Chicago Traffic Citations Data'!K10,vehicles!B:B,vehicles!A:A) -> 26 | D10: 44197.002
A11: 10 | B11: =_xlfn.XLOOKUP('Chicago Traffic Citations Data'!E11,locations!C:C,locations!A:A) -> 803 | C11: =_xlfn.XLOOKUP('Chicago Traffic Citations Data'!K11,vehicles!B:B,vehicles!A:A) -> 26 | D11: 44197.004
A12: 11 | B12: =_xlfn.XLOOKUP('Chicago Traffic Citations Data'!E12,locations!C:C,locations!A:A) -> 240 | C12: =_xlfn.XLOOKUP('Chicago Traffic Citations Data'!K12,vehicles!B:B,vehicles!A:A) -> 26 | D12: 44197.005
A13: 12 | B13: =_xlfn.XLOOKUP('Chicago Traffic Citations Data'!E13,locations!C:C,locations!A:A) -> 1024 | C13: =_xlfn.XLOOKUP('Chicago Traffic Citations Data'!K13,vehicles!B:B,vehicles!A:A) -> 18 | D13: 44197.006
... A1993: 1992 | B1993: =_xlfn.XLOOKUP('Chicago Traffic Citations Data'!E1993,locations!C:C,locations!A:A) -> 1257 | C1993: =_xlfn.XLOOKUP('Chicago Traffic Citations Data'!K1993,vehicles!B:B,vehicles!A:A) -> 26 | D1993: 44197.603

Sheet locations
A1: location_id | B1: violation_location | C1: zip_code
A2: 1 | B2: 3956 N CENTRAL | C2: 20772
A3: 2 | B3: 30 W 87TH STREET | C3: 37166
A4: 3 | B4: 1334 W GARFIELD BLVD | C4: 38118
A5: 4 | B5: 1901 E 75TH ST | C5: 38344
A6: 5 | B6: 10318 S INDIANAPOLIS | C6: 38821
A7: 6 | B7: 1200 S CANAL STREET | C7: 40242
A8: 7 | B8: 5 W TERMINAL ST | C8: 45238
A9: 8 | B9: 142 E ONTARIO | C9: 46307
A10: 9 | B10: 7900 S STATE STREET | C10: 46312
A11: 10 | B11: 449 N COLUMBUS DR | C11: 46321
A12: 11 | B12: 10318 S INDIANAPOLIS | C12: 46410
A13: 12 | B13: 100 W CHICAGO AVENUE | C13: 48111
... A1924: 1923 | B1924: 3137 W PETERSON | C1924: 981072344
A1925: 1924 | B1925: 1542 W BIRCHWOOD
A1926: 1925 | B1926: 453 N MCCLURG
A1927: 1926 | B1927: 90 E 46TH STREET
A1928: 1927 | B1928: 220 W ERIE ST
A1929: 1928 | B1929: 21 E HUBBARD
A1930: 1929 | B1930: 665 W ALDINE AV
A1931: 1930 | B1931: 203 S COLUMBUS DR
A1932: 1931 | B1932: 11110 S HALE
A1933: 1932 | B1933: 254 E WALTON
A1934: 1933 | B1934: 252 E WALTON
A1935: 1934 | B1935: 250 E WALTON
A1936: 1935 | B1936: 248 E WALTON
... A1993: 1992 | B1993: 900 N MICHIGAN

Sheet vehicles
A1: vehicle_id | B1: vehicle_make
A2: 1 | B2: ACUR
A3: 2 | B3: ALFA
A4: 3 | B4: AUDI
A5: 4 | B5: BMW
A6: 5 | B6: BUIC
A7: 6 | B7: CADI
A8: 7 | B8: CHEV
A9: 8 | B9: CHRY
A10: 9 | B10: DODG
A11: 10 | B11: FORD
A12: 11 | B12: GMC
A13: 12 | B13: HOND
... A35: 34 | B35: VOLV

Sheet units
A1: unit_id | B1: unit_number
A2: 1 | B2: 1
A3: 2 | B3: 2
A4: 3 | B4: 3
A5: 4 | B5: 4
A6: 5 | B6: 5
A7: 6 | B7: 6
A8: 7 | B8: 7
A9: 8 | B9: 8
A10: 9 | B10: 9
A11: 10 | B11: 10
A12: 11 | B12: 11
A13: 12 | B13: 12
... A25: 24 | B25: 716
A26: 25 | B26: CNDT
A27: 26 | B27: SPD

Sheet officers
A1: officer_id | B1: officer
A2: 1 | B2: 319
A3: 2 | B3: 371
A4: 3 | B4: 375
A5: 4 | B5: 376
A6: 5 | B6: 494
A7: 6 | B7: 1170
A8: 7 | B8: 1717
A9: 8 | B9: 1939
A10: 9 | B10: 2822
A11: 10 | B11: 2920
A12: 11 | B12: 2950
A13: 12 | B13: 3051
... A166: 165 | B166: 19880
A167: 166 | B167: CNDT
A168: 167 | B168: SPEED
